PairID;BrAttempt;EggDate;HatchDate;ChickGoneDate;EggLossDate;FailureCause;BreedSucc;EggPosX;EggPosY;EggExact;HatchExact;FledgeExact;ChickMinAge;Comment
Bonden-1-2010-1;1;2010-05-05;2010-06-07;2010-06-26;;;1;NA;NA;1;1;1;19;
Rost-3-2010-5;1;2010-05-11;2010-06-13;2010-07-05;;;1;NA;NA;1;1;2;21;EM har vitkantade tertialer
Rost-2-2010-1;1;2010-05-11;;;2010-05-12;Kamerauppsättning;0;NA;NA;2;NA;NA;NA;Ä1 borta 2010-05-12 (på em) pga kamerauppsättning
Farallon-3-2010-1;1;2010-05-12;2010-06-16;2010-07-03;;;1;NA;NA;1;1;1;17;EM har skada på underdelen av näbben
Bonden-3-2010-1;1;2010-05-13;2010-06-13;2010-07-02;;;1;NA;NA;4;1;1;19;U ringmärkt ABP733 / STÅL R33, vikt 235 g
Rost-3-2010-3;1;2010-05-14;2010-06-17;2010-07-13;;;1;NA;NA;1;2;1;26;
Farallon-3-2010-5;1;2010-06-01;;;2010-06-03;;0;NA;NA;1;NA;NA;NA;Ä1 borta 2010-06-03
Bonden-1-2011-1;1;2011-05-07;2011-06-07;2011-06-27;;;1;NA;NA;1;1;1;20;
Rost-3-2011-2;1;2011-05-08;2011-06-10;2011-06-30;;;1;NA;NA;1;1;1;20;
Farallon-3-2011-3;1;2011-05-09;2011-06-12;2011-07-01;;;1;NA;NA;1;6;1;19;Ä1 antecknat som förlorat 2011-05-27, ägg åter 2011-05-30, datum för U visar att Ä1 aldrig varit borta.
Farallon-3-2011-4;1;2011-05-10;2011-06-14;2011-06-20;;;0;NA;NA;1;2;NA;NA;U1 borta 2011-06-20 
Rost-2-2011-1;1;2011-05-10;;;2011-06-10;;0;NA;NA;1;NA;NA;NA;Ä1 borta 2011-06-10
Bonden-3-2011-1;1;2011-05-11;2011-06-13;2011-07-05;;;1;NA;NA;1;1;1;22;
Rost-3-2011-5;1;2011-05-13;;;2011-06-15;;0;NA;NA;1;NA;NA;NA;Ä1 trasigt 2011-06-15, såg ej ut att innehålla levande unge. Ä1 borta 2011-06-16
Rost-3-2011-3;1;2011-05-14;2011-06-10;2011-07-05;;;1;NA;NA;NA;3;1;25;
Bonden-2-2011-1;1;2011-05-17;;;2011-05-19;;0;NA;NA;NA;NA;NA;NA;Ä1 borta 2011-05-19. 
Farallon-3-2011-5;1;2011-05-19;;;2011-07-06;;0;NA;NA;1;NA;NA;NA;Ä1 borta 2011-07-06
Farallon-2-2011-1;1;2011-05-20;;;2011-06-07;;0;NA;NA;1;NA;NA;NA;Ä1 borta 2011-06-07
Rost-2-2011-2;1;2011-05-27;;;2011-06-07;;0;NA;NA;NA;NA;NA;NA;Ä1 borta 06-07
Bonden-2-2011-1;2;2011-06-06;2011-07-07;2011-07-29;;;1;NA;NA;3;1;1;22;
Bonden-1-2012-1;1;2012-05-05;;;2012-06-08;;0;NA;NA;1;NA;NA;NA;Ä1 förlorat 120608
Rost-3-2012-2;1;2012-05-07;;;2012-06-30;;0;NA;NA;1;NA;NA;NA;Ä1 förlorat 120630
Bonden-3-2012-1;1;2012-05-07;2012-06-08;2012-06-28;;;1;NA;NA;1;1;1;20;
Rost-2-2012-3;1;2012-05-07;2012-06-09;2012-06-18;;;0;NA;NA;1;1;NA;NA;U förlorad 120618. 
Rost-3-2012-5;1;2012-05-07;2012-06-09;2012-07-02;;;1;NA;NA;1;1;1;23;
Rost-3-2012-1;1;2012-05-09;2012-06-11;2012-06-29;;;1;NA;NA;1;1;1;18;
Farallon-3-2012-4;1;2012-05-09;2012-06-12;2012-06-29;;;1;NA;NA;1;1;1;17;
Rost-2-2012-1;1;2012-05-09;2012-06-12;2012-07-01;;;1;NA;NA;1;1;1;19;
Bonden-2-2012-1;1;2012-05-10;2012-06-12;2012-07-04;;;1;NA;NA;1;1;1;22;
Farallon-3-2012-1;1;2012-05-10;2012-06-12;2012-07-04;;;1;NA;NA;1;1;1;22;
Rost-3-2012-3;1;2012-05-10;2012-06-12;2012-07-02;;;1;NA;NA;1;1;1;20;
Rost-2-2012-2;1;2012-05-12;2012-06-14;2012-06-19;;;0;NA;NA;1;1;NA;NA;U förlorad 120619
Farallon-3-2012-5;1;2012-05-13;;;2012-06-23;;0;NA;NA;1;NA;NA;NA;Ä1 förlorat 120623
Bonden-1-2012-1;2;2012-05-22;2012-06-23;2012-07-12;;;1;NA;NA;1;1;1;19;
Bonden-1-2013-1;1;2013-05-04;2013-06-07;2013-06-29;;;1;NA;NA;1;1;1;22;
Rost-2-2013-3;1;2013-05-05;2013-06-08;2013-06-27;;;1;NA;NA;1;1;1;19;
Rost-2-2013-1;1;2013-05-07;2013-06-10;2013-07-01;;;1;NA;NA;1;1;1;20;
Bonden-3-2013-1;1;2013-05-07;2013-06-08;2013-06-27;;;1;NA;NA;1;1;1;19;
Rost-3-2013-2;1;2013-05-07;;;2013-06-27;;0;NA;NA;1;NA;NA;NA;Ä1 förlorat 130627
Farallon-3-2013-1;1;2013-05-08;2013-06-10;2013-06-30;;;1;NA;NA;1;1;NA;20;
Rost-3-2013-1;1;2013-05-09;2013-06-10;2013-07-01;;;1;NA;NA;1;1;NA;20;This chick was ringed on the north table on 120630 with STÅL ACD 877 and orange plastic ring with black letters UK0. 
Rost-3-2013-3;1;2013-05-09;2013-06-09;2013-07-01;;;1;NA;NA;2;1;NA;21;
Rost-2-2013-2;1;2013-05-10;2013-06-11;2013-07-04;;;1;NA;NA;1;1;1;23;
Rost-3-2013-5;1;2013-05-10;2013-06-12;2013-07-02;;;1;NA;NA;1;1;1;19;
Farallon-3-2013-2;1;2013-05-11;2013-06-13;2013-07-01;;;1;NA;NA;1;1;1;17;
Farallon-3-2013-4;1;2013-05-11;2013-06-14;2013-07-01;;;1;NA;NA;1;1;1;17;
Bonden-2-2013-1;1;2013-05-12;2013-06-14;2013-07-02;;;1;NA;NA;1;2;1;18;
Farallon-2-2013-1;1;2013-05-16;;;2013-05-17;;0;NA;NA;1;NA;NA;NA;Ä1 förlorat 130517. ger nog upp efter första försöket
Farallon-3-2013-3;1;2013-05-17;;;2013-05-23;;0;NA;NA;1;NA;NA;NA;Ä1 förlorat 130523
Farallon-3-2013-5;1;2013-05-26;2013-06-22;2013-07-13;;;1;NA;NA;1;1;1;21;
Farallon-1-2013-1;1;2013-05-28;2013-06-29;2013-07-14;;;1;NA;NA;1;1;1;15;
Farallon-2-2013-2;1;2013-05-28;;;2013-06-28;;0;NA;NA;1;NA;NA;NA;Ä1 förlorat 130628 (säkerhet 2). Flyttar 2014 till Farallon 1 och blir där par 2
Farallon-3-2013-3;2;2013-06-02;;;2013-06-22;;0;NA;NA;1;NA;NA;NA;Ä2 förlorat 130622.
Rost-2-2014-1;1;2014-04-30;2014-06-04;2014-06-27;;;1;NA;NA;4;1;NA;23;"Ägg lagt innan obsstart. Exakthet ""4"" är en höftning, första obs är 30/4"
Bonden-1-2014-1;1;2014-04-30;2014-06-01;2014-06-25;;;1;NA;NA;4;1;1;24;"Ägg lagt innan obsstart. Exakthet ""4"" är en höftning, första obs är 30/4"
Rost-2-2014-3;1;2014-05-01;2014-06-03;2014-06-05;;;0;NA;NA;NA;1;NA;NA;U1 lost 5Jun, Ä1 förlorat 8 juli <- DETTA KAN INTE STÄMMA / PAB 2019
Rost-3-2014-5;1;2014-05-02;2014-06-04;2014-06-26;;;1;NA;NA;1;1;1;22;
Rost-2-2014-2;1;2014-05-03;2014-06-06;2014-06-28;;;1;NA;NA;1;1;1;22;
Rost-3-2014-1;1;2014-05-04;2014-06-04;2014-06-26;;;1;NA;NA;1;1;2;21;
Rost-3-2014-3;1;2014-05-05;2014-06-07;2014-07-06;;;1;NA;NA;1;1;1;29;
Rost-3-2014-2;1;2014-05-06;2014-06-09;2014-06-28;;;1;NA;NA;1;2;1;19;
Bonden-3-2014-1;1;2014-05-07;2014-06-08;2014-06-30;;;1;NA;NA;1;1;1;22;
Farallon-3-2014-4;1;2014-05-08;;;2014-07-02;;0;NA;NA;1;NA;NA;NA;Ä1 lost 2Jul
Farallon-3-2014-1;1;2014-05-08;2014-06-11;2014-06-30;;;1;NA;NA;1;1;1;19;
Farallon-3-2014-2;1;2014-05-09;2014-06-11;2014-07-01;;;1;NA;NA;1;1;1;20;
Farallon-1-2014-1;1;2014-05-11;2014-06-12;2014-06-28;;;1;NA;NA;1;1;1;20;
Triangle-3-2014-1;1;2014-05-12;;;2014-06-30;;0;NA;NA;1;NA;NA;NA;Ä1 lost 30Jun
Farallon-3-2014-5;1;2014-05-13;2014-06-15;2014-07-05;;;1;NA;NA;1;1;1;20;
Rost-2-2014-4;1;2014-05-17;2014-06-21;2014-07-08;;;1;NA;NA;1;1;1;17;
Bonden-4-2014-1;1;2014-05-18;;;2014-06-27;;0;NA;NA;1;NA;NA;NA;Ä1 lost 27Jun
Farallon-3-2014-3;1;2014-05-20;2014-06-23;2014-07-04;;;0;NA;NA;1;1;1;11;U för ung för att räknas som flygg. Med i beräkningarna.
Bonden-2-2014-1;1;2014-05-28;2014-06-11;2014-06-28;;;1;NA;NA;NA;NA;1;16;
Farallon-1-2014-2;1;2014-05-30;;;2014-06-25;;0;NA;NA;2;NA;NA;NA;Ä1 lost 25Jun
Rost-3-2014-4;1;2014-06-05;;;2014-06-07;;0;NA;NA;1;NA;NA;NA;Ä1 lost 6Jul
Rost-2-2014-3;2;2014-06-22;;;2014-07-08;;0;NA;NA;NA;NA;NA;NA;U1 lost 5Jun, Ä1 förlorat 8 juli <- DETTA KAN INTE STÄMMA / PAB 2019
Rost-2-2015-1;1;2015-05-05;2015-06-09;2015-07-01;;;1;NA;NA;1;3;1;22;
Rost-2-2015-3;1;2015-05-06;2015-06-07;2015-06-28;;;1;NA;NA;1;1;1;21;
Rost-2-2015-2;1;2015-05-06;2015-06-09;2015-07-01;;;1;NA;NA;1;1;1;22;
Rost-3-2015-1;1;2015-05-06;;;2015-05-15;;0;NA;NA;1;NA;NA;NA;Ä1 förlorat 15/5 2015
Rost-3-2015-2;1;2015-05-06;;;2015-05-17;Ägg övergivet;0;NA;NA;1;NA;NA;NA;U för ung för att räknas som flygg, med i beräkningarna
Bonden-1-2015-1;1;2015-05-07;2015-06-08;2015-06-29;;;1;NA;NA;1;1;1;21;
Farallon-3-2015-1;1;2015-05-09;2015-06-12;2015-07-02;;;1;NA;NA;1;1;1;20;
Bonden-3-2015-1;1;2015-05-10;2015-06-13;2015-07-01;;;1;NA;NA;1;6;1;18;
Farallon-3-2015-2;1;2015-05-10;;;2015-05-18;;0;NA;NA;1;NA;NA;NA;Ä1 förlorat 18/5 2015
Farallon-3-2015-3;1;2015-05-11;2015-06-13;2015-07-01;;;1;NA;NA;1;1;1;18;
Farallon-3-2015-4;1;2015-05-12;2015-06-14;2015-07-03;;;1;NA;NA;1;1;1;19;
Farallon-3-2015-5;1;2015-05-12;;;2015-07-15;;0;NA;NA;1;NA;NA;NA;Ä1 förlorat 1/7 2015
Rost-2-2015-4;1;2015-05-12;2015-06-15;2015-07-05;;;1;NA;NA;1;2;1;20;
Rost-3-2015-3;1;2015-05-12;2015-06-09;2015-06-29;;;1;NA;NA;1;1;1;20;
Triangle-3-2015-1;1;2015-05-12;2015-06-12;2015-06-28;;Human disturbance;NA;NA;NA;1;1;NA;NA;U1 borta 28/6 2015, hoppade vid fångstförsök. EJ MED I BERÄKNINGARNA!
Bonden-2-2015-1;1;2015-05-13;2015-06-14;2015-07-05;;;1;NA;NA;3;4;1;21;
Rost-3-2015-4;1;2015-05-13;;;2015-05-13;;0;NA;NA;1;NA;NA;NA;Ä1 förlorat 13/5 2015
Bonden-4-2015-1;1;2015-05-15;;;2015-06-22;;0;NA;NA;1;NA;NA;NA;Ä1 förlorat 22/6 2015
Farallon-3-2015-6;1;2015-05-15;;;2015-06-13;;0;NA;NA;1;NA;NA;NA;Ä1 förlorat 13/6 2015
Farallon-1-2015-2;1;2015-05-16;2015-06-17;2015-07-05;;;1;NA;NA;1;1;1;18;
Triangle-3-2015-2;1;2015-05-22;;;2015-05-25;;0;NA;NA;1;NA;NA;NA;Ä1 förlorat 25/5 2015
Rost-3-2015-5;1;2015-05-27;2015-06-28;2015-07-19;;;1;NA;NA;1;1;1;21;
Rost-3-2015-1;2;2015-05-27;2015-06-28;2015-07-19;;;1;NA;NA;1;1;1;21;
Rost-3-2015-4;2;2015-05-27;;;2015-05-30;;0;NA;NA;1;NA;NA;NA;Ä2 förlorat 30/5 2015
Triangle-2-2015-1;1;2015-05-30;2015-07-02;2015-07-18;;;1;NA;NA;1;1;1;16;
Farallon-3-2015-2;2;2015-05-30;;;2015-07-01;;0;NA;NA;1;NA;NA;NA;Ä2 förlorat 1/7 2015
Triangle-2-2015-2;1;2015-05-31;2015-07-05;2015-07-17;;;0;NA;NA;1;1;1;12;U för ung för att räknas som flygg, med i beräkningarna
Farallon-1-2015-3;1;2015-06-01;;;2015-06-02;;0;NA;NA;1;NA;NA;NA;Ä1 förlorat 2/6 2015
Rost-3-2015-2;2;2015-06-02;2015-07-05;2015-07-19;;;0;NA;NA;1;1;1;14;U för ung för att räknas som flygg, med i beräkningarna
Triangle-2-2015-3;1;2015-06-09;2015-07-12;2015-07-13;;;0;NA;NA;1;1;NA;NA;U1 borta 13/7 2015
Bonden-4-2015-2;1;2015-06-11;2015-07-11;;;;NA;NA;NA;1;1;NA;NA;Häckning ej avslutad 19/7, fortf unge. EJ MED I BERÄKNINGARNA!
Farallon-1-2015-1;1;2015-06-12;2015-06-12;2015-06-28;;;1;NA;NA;1;1;1;16;
Bonden-1-2016-1;1;2016-05-02;2016-06-03;2016-06-24;;;1;NA;NA;1;2;2;20;
Rost-2-2016-1;1;2016-05-03;2016-06-05;2016-06-30;;;1;NA;NA;1;1;1;25;
Rost-2-2016-3;1;2016-05-03;2016-06-05;2016-06-24;;;1;NA;NA;1;2;1;19;
Farallon-1-2016-1;1;2016-05-05;2016-06-06;2016-06-25;;;1;NA;NA;1;1;1;19;
Rost-2-2016-2;1;2016-05-06;2016-06-14;2016-07-01;;;1;NA;NA;1;1;1;17;
Rost-3-2016-5;1;2016-05-07;2016-06-09;2016-07-02;;;1;NA;NA;1;1;1;23;
Farallon-3-2016-1;1;2016-05-08;2016-06-11;2016-06-30;;;1;NA;NA;1;1;1;19;
Bonden-3-2016-1;1;2016-05-08;2016-06-11;2016-06-30;;;1;NA;NA;1;3;1;19;
Farallon-1-2016-2;1;2016-05-09;;;2016-05-13;;0;NA;NA;1;NA;NA;NA;Ä1 förlorat 13/5
Farallon-3-2016-2;1;2016-05-12;2016-06-12;2016-07-04;;;1;NA;NA;2;1;1;22;
Farallon-3-2016-4;1;2016-05-12;2016-06-14;2016-07-03;;;1;NA;NA;2;1;1;19;
Farallon-3-2016-5;1;2016-05-12;2016-06-13;2016-07-04;;;1;NA;NA;2;1;1;21;
Rost-3-2016-2;1;2016-05-12;2016-06-13;2016-07-01;;;1;NA;NA;2;1;1;18;
Bonden-4-2016-1;1;2016-05-12;2016-06-16;2016-07-06;;;1;NA;NA;2;1;1;19;
Bonden-4-2016-2;1;2016-05-13;2016-06-14;2016-07-06;;;1;NA;NA;1;1;1;21;
Farallon-3-2016-3;1;2016-05-13;2016-06-15;2016-07-06;;;1;NA;NA;1;1;1;21;
Rost-3-2016-3;1;2016-05-13;2016-06-14;2016-07-07;;;1;NA;NA;1;1;1;23;U märkt som YN:AR5 
Rost-3-2016-1;1;2016-05-14;2016-06-16;2016-07-09;;;NA;NA;NA;1;1;1;23;U märkt som YN:AR4 ACX884. U ramlade ner till lägre hylla dagtid, förälder följde med. Omöjligt att veta om unge klarat sig eller ej. EJ MED I BERÄKNINGARNA!
Farallon-3-2016-6;1;2016-05-15;2016-06-17;2016-07-06;;;1;NA;NA;1;1;1;19;U märkt som YN:AR2 ACX882
Farallon-3-2016-7;1;2016-05-15;2016-06-18;2016-07-07;;;1;NA;NA;1;1;1;19;U märkt som YN:AR3 ACX883
Farallon-2-2016-1;1;2016-05-15;;;2016-05-24;;0;NA;NA;1;NA;NA;NA;Ä1 förlorat 24/5
Rost-2-2016-4;1;2016-05-16;2016-06-19;2016-07-08;;;1;NA;NA;1;1;1;19;
Triangle-2-2016-1;1;2016-05-16;2016-06-17;2016-07-06;;;1;NA;NA;1;1;1;19;U märkt som YN:AR1 ACX881
Rost-2-2016-5;1;2016-05-16;2016-06-10;2016-06-29;;;1;NA;NA;1;1;1;19;
Triangle-2-2016-3;1;2016-05-16;2016-06-19;2016-07-09;;;1;NA;NA;1;1;1;20;
Triangle-3-2016-1;1;2016-05-16;2016-06-17;2016-07-07;;;1;NA;NA;2;2;1;20;
Bonden-4-2016-3;1;2016-05-18;2016-06-20;2016-07-09;;;1;NA;NA;1;1;1;19;
Bonden-2-2016-1;1;2016-05-18;2016-06-16;2016-07-06;;;1;NA;NA;4;4;1;20;
Triangle-2-2016-2;1;2016-05-19;2016-06-22;2016-07-09;;;1;NA;NA;1;1;1;17;
Rost-5-2016-2;1;2016-05-20;2016-06-21;2016-07-14;;;1;NA;NA;1;1;1;23;
Farallon-4-2016-1;1;2016-05-24;2016-06-25;2016-07-15;;;1;NA;NA;1;1;1;20;
Farallon-1-2016-2;2;2016-05-28;;;2016-06-16;;0;NA;NA;1;NA;NA;NA;Ä2 trasigt 16/6
Farallon-1-2016-3;1;2016-05-29;2016-07-01;2016-07-09;;;0;NA;NA;1;2;1;8;För ung för att räknas som flygg.
Triangle-2-2016-4;1;2016-05-31;2016-07-05;2016-07-15;;;0;NA;NA;1;1;1;10;För ung för att räknas som flygg.
Triangle-3-2016-2;1;2016-05-31;;;2016-06-05;;0;NA;NA;1;NA;NA;NA;Ä1 förlorat 5/6
Rost-3-2016-4;1;2016-06-03;;;2016-07-05;;0;NA;NA;1;NA;NA;NA;Ä1 förlorat 5/7
Bonden-4-2016-4;1;2016-06-09;2016-07-13;;;;NA;NA;NA;1;1;NA;3;Häckning ej avslutad 16/7, fortf unge. EJ MED I BERÄKNINGARNA!
Farallon-2-2016-1;2;2016-06-09;;;2016-06-13;;0;NA;NA;1;NA;NA;NA;Ä2 förlorat 13/6
Rost-5-2016-3;1;2016-06-10;;;2016-07-08;;0;NA;NA;1;NA;NA;NA;Ä1 förlorat 8/7
Bonden-1-2017-1;1;2017-05-04;2017-06-05;2017-06-28;;;1;NA;NA;1;1;1;23;
Rost-2-2017-3;1;2017-05-06;2017-06-09;2017-06-30;;;1;NA;NA;1;2;2;20;
Rost-3-2017-1;1;2017-05-09;2017-06-11;2017-07-03;;;1;NA;NA;1;1;1;22;
Bonden-3-2017-1;1;2017-05-10;2017-06-14;2017-07-03;;;1;NA;NA;1;2;3;17;
Bonden-4-2017-2;1;2017-05-10;2017-06-13;2017-07-05;;;1;NA;NA;1;1;1;22;
Farallon-3-2017-2;1;2017-05-10;2017-06-12;2017-07-03;;;1;NA;NA;1;1;1;21;
Rost-2-2017-2;1;2017-05-10;2017-06-14;2017-07-07;;;1;NA;NA;1;1;1;23;
Rost-3-2017-3;1;2017-05-10;2017-06-12;2017-07-04;;;NA;NA;NA;1;1;NA;NA;Oklarheter ang flyggdag pga rörigt på hyllan. EJ MED I BERÄKNINGARNA.
Rost-5-2017-4;1;2017-05-10;2017-06-16;2017-07-07;;;1;NA;NA;1;1;1;21;
Bonden-4-2017-1;1;2017-05-11;2017-06-13;2017-07-03;;;1;NA;NA;1;2;1;20;
Farallon-3-2017-1;1;2017-05-11;2017-06-15;2017-07-05;;;1;NA;NA;1;1;1;20;
Rost-2-2017-1;1;2017-05-11;;;2017-07-04;;0;NA;NA;1;NA;NA;NA;Ä1 förlorat 20170704
Rost-5-2017-3;1;2017-05-11;2017-06-14;2017-07-07;;;1;NA;NA;1;2;1;23;
Triangle-3-2017-1;1;2017-05-11;2017-06-15;2017-07-03;;;1;NA;NA;1;5;1;18;
Bonden-4-2017-3;1;2017-05-12;2017-06-17;2017-07-05;;;1;NA;NA;1;8;1;18;
Farallon-1-2017-1;1;2017-05-12;2017-06-11;2017-06-28;;;1;NA;NA;1;1;1;17;
Farallon-3-2017-8;1;2017-05-12;2017-06-13;2017-07-03;;;1;NA;NA;1;1;1;20;
Farallon-3-2017-7;1;2017-05-13;2017-06-15;2017-07-03;;;1;NA;NA;1;1;1;18;
Farallon-3-2017-5;1;2017-05-13;2017-06-15;2017-07-05;;;1;NA;NA;1;1;1;20;
Farallon-3-2017-4;1;2017-05-14;;;2017-07-03;;0;NA;NA;1;NA;NA;NA;Ä1 förlorat 20170703
Triangle-2-2017-1;1;2017-05-14;;;2017-06-11;;0;NA;NA;1;NA;NA;NA;Ä1 förlorat 20170611
Bonden-2-2017-1;1;2017-05-15;2017-06-16;2017-07-05;;;1;NA;NA;1;4;1;19;
Farallon-1-2017-2;1;2017-05-15;;;;;0;NA;NA;1;NA;NA;NA;Oklara obsar gällande om ägg kläcktes eller ej. Häckning misslyckad oavsett. MED I BERÄKNINGARNA. *ABH111 häckade med ABH792 2016, finns inga anteckningar om att ABH111 hör till samma par 2017, men har obsats på samma hylla 13 ggr under 2017.
Farallon-1-2017-4;1;2017-05-15;2017-06-17;2017-07-02;;;0;NA;NA;1;1;2;14;För ung för att räknas som flygg
Farallon-2-2017-1;1;2017-05-15;2017-06-17;2017-07-05;;;1;NA;NA;1;1;1;18;
Farallon-4-2017-1;1;2017-05-15;2017-06-20;2017-07-06;;;1;NA;NA;1;13;1;16;
Triangle-2-2017-3;1;2017-05-15;2017-06-18;2017-07-06;;;1;NA;NA;1;4;2;17;
Rost-3-2017-5;1;2017-05-16;2017-06-18;2017-06-26;;;0;NA;NA;1;1;1;8;För ung för att räknas som flygg
Rost-3-2017-4;1;2017-05-17;2017-06-19;2017-07-09;;;NA;NA;NA;1;1;NA;NA;Oklarheter ang flyggdag pga rörigt på hyllan. EJ MED I BERÄKNINGARNA.
Triangle-2-2017-2;1;2017-05-17;2017-06-20;2017-07-08;;;1;NA;NA;1;2;2;17;
Bonden-4-2017-4;1;2017-05-18;2017-06-21;2017-07-06;;;1;NA;NA;1;2;1;15;
Farallon-3-2017-3;1;2017-05-18;;;2017-06-19;;0;NA;NA;1;NA;NA;NA;Ä1 förlorat 20170619 (ev just kläckt ägg, ungen iaf observerad död men ingen U sedd tidigare dagar).
Rost-2-2017-4;1;2017-05-18;2017-06-20;2017-07-09;;;1;NA;NA;1;2;2;18;"Anteckning gör gällande att en av fåglarna kan ha en stålring som slutar på ""68"", någon sådan fågel har dock aldrig obsats i övrigt på den hyllan under hela säsongen"
Rost-2-2017-5;1;2017-05-19;2017-06-22;2017-07-06;;;0;NA;NA;1;3;1;14;För ung för att räknas som flygg
Triangle-2-2017-4;1;2017-05-20;2017-06-23;2017-07-09;;;1;NA;NA;1;1;1;16;
Farallon-4-2017-2;1;2017-05-21;2017-06-20;2017-07-07;;;1;NA;NA;1;1;1;17;
Rost-5-2017-5;1;2017-05-21;2017-06-26;2017-07-15;;;1;NA;NA;1;3;1;19;
Triangle-2-2017-5;1;2017-05-21;2017-06-22;2017-07-06;;;0;NA;NA;1;1;2;13;För ung för att räknas som flygg
Triangle-3-2017-2;1;2017-05-21;2017-06-23;2017-07-11;;;1;NA;NA;1;1;1;18;
Rost-6-2017-1;1;2017-05-23;2017-06-24;;;;NA;NA;NA;2;1;NA;NA;Häckning ej avslutad vid studiens slut. EJ MED I BERÄKNINGARNA.
Bonden-5-2017-1;1;2017-05-24;;;2017-06-17;;0;NA;NA;1;NA;NA;NA;Ä1 förlorat 20170617
Rost-3-2017-2;1;2017-05-24;2017-06-25;2017-07-09;;;NA;NA;NA;1;1;NA;NA;Oklarheter ang flyggdag pga rörigt på hyllan. EJ MED I BERÄKNINGARNA.
Bonden-5-2017-3;1;2017-05-26;;;2017-06-23;;0;NA;NA;1;NA;NA;NA;Ä1 förlorat 20170623
Bonden-5-2017-2;1;2017-05-26;2017-06-30;2017-07-10;;;NA;NA;NA;1;2;1;10?;Par 2 tog över platsen tillhörande par 1 när dessas ägg förlorades. Oklar flyggdag för par 2, då Ä-obsar gjorts efter det att U-obsar gjorts på slutet. Felaktigt inskrivna Ä när det borde varit U? För osäkert, EJ MED I BERÄKNINGARNA.
Bonden-6-2017-1;1;2017-05-26;;;2017-06-22;;0;NA;NA;1;NA;NA;NA;Ä1 förlorat 20170622
Triangle-1-2017-1;1;2017-05-26;2017-06-26;2017-07-15;;;1;NA;NA;1;1;1;19;
Farallon-5-2017-1;1;2017-05-30;;;2017-05-31;;0;NA;NA;1;NA;NA;NA;Ä1 förlorat 20170531
Bonden-6-2017-2;1;2017-05-31;;;2017-06-21;;0;NA;NA;1;NA;NA;NA;Ä1 förlorat 20170621
Farallon-1-2017-3;1;2017-06-03;;;2017-06-05;;0;NA;NA;1;NA;NA;NA;Ä1 förlorat 20170605
Triangle-3-2017-3;1;2017-06-04;;;2017-07-05;;0;NA;NA;1;NA;NA;NA;Ä1 förlorat 20170705
Bonden-6-2017-3;1;2017-06-13;;;2017-07-06;;0;NA;NA;1;NA;NA;NA;Ä1 förlorat 20170706
Rost-6-2017-2;1;2017-06-17;;;2017-07-07;;0;NA;NA;1;NA;NA;NA;Ä1 förlorat 20170707
Bonden-1-2018-1;1;2018-05-06;2018-06-07;2018-06-28;;;1;108;Inner;1;2;2;20;
Rost-2-2018-1;1;2018-05-08;2018-06-09;2018-07-04;;;1;116;Inner;1;1;1;25;
Rost-6-2018-1;1;2018-05-08;2018-06-14;2018-06-28;;;0;100;Inner/middle;1;3;1;14;
Rost-2-2018-2;1;2018-05-08;;;2018-06-06;;0;148;Inner;1;NA;NA;NA;Ägg trasig 6/6.
Rost-3-2018-1;1;2018-05-08;;;2018-05-09;;0;100;Middle;1;NA;NA;NA;Ä1 förlorat 9/5.
Bonden-3-2018-1;1;2018-05-10;2018-06-12;2018-07-04;;;1;115;Inner;1;1;1;22;
Farallon-3-2018-1;1;2018-05-10;2018-06-12;2018-07-04;;;1;100;Inner;1;1;1;22;
Farallon-3-2018-2;1;2018-05-10;2018-06-12;2018-07-04;;;1;207;Inner;1;1;1;22;
Rost-2-2018-4;1;2018-05-10;2018-06-12;2018-06-26;;Human disturbance;NA;173;Inner;1;1;NA;NA;U hoppade ner till naturlig häckhylla i samband med märkning på Röst 2. Oklart huruvida förälder kommer följa med och ta hand om den eller ej. EJ MED I BERÄKNINGARNA.
Rost-5-2018-1;1;2018-05-10;;;2018-06-14;;0;146;Middle;1;NA;NA;NA;Ä1 förlorat 14/6
Rost-2-2018-3;1;2018-05-10;2018-06-11;2018-07-04;;;1;137;Middle;1;1;1;23;
Rost-3-2018-2;1;2018-05-10;2018-06-12;2018-07-02;;;1;127;NA;1;1;1;20;
Triangle-3-2018-1;1;2018-05-10;2018-06-13;2018-07-05;;;1;251;Inner;1;1;1;22;
Rost-3-2018-3;1;2018-05-10;2018-06-12;2018-07-04;;;1;145;Inner;1;1;1;22;
Farallon-4-2018-1;1;2018-05-11;2018-06-14;2018-07-03;;;1;123;Inner/middle;1;1;1;19;
Farallon-1-2018-2;1;2018-05-11;;;2018-07-15;;0;192;Inner;1;NA;NA;NA;
Bonden-4-2018-1;1;2018-05-11;2018-06-13;2018-07-05;;;1;128;Inner/middle;1;1;1;22;
Farallon-1-2018-1;1;2018-05-11;2018-06-14;2018-07-04;;;1;237;Inner/middle;1;3;2;19;
Farallon-2-2018-1;1;2018-05-11;2018-06-13;2018-07-04;;;1;101;Inner;1;2;1;21;
Triangle-2-2018-1;1;2018-05-12;2018-06-13;2018-07-04;;;1;167;Inner/middle;1;1;1;21;
Bonden-4-2018-2;1;2018-05-12;2018-06-15;2018-07-06;;;1;152;Inner/middle;1;1;1;21;
Farallon-1-2018-3;1;2018-05-12;2018-06-14;2018-07-04;;;1;151;Inner/middle;1;2;1;20;
Farallon-1-2018-4;1;2018-05-12;2018-06-14;2018-07-04;;;1;216;Inner;1;1;1;20;
Farallon-3-2018-3;1;2018-05-12;2018-06-15;2018-07-04;;;1;221;Inner/middle;1;1;1;19;
Bonden-4-2018-3;1;2018-05-12;2018-06-14;2018-07-04;;;1;176;Middle/outer;1;1;1;20;
Farallon-3-2018-4;1;2018-05-12;2018-06-15;2018-07-04;;;1;248;Inner;1;2;1;19;
Rost-3-2018-4;1;2018-05-12;2018-06-13;2018-07-04;;;1;168;Middle;1;1;1;21;
Farallon-3-2018-5;1;2018-05-13;2018-06-15;2018-07-04;;;1;140;Inner;1;1;1;19;
Bonden-2-2018-1;1;2018-05-14;2018-06-17;2018-07-06;;;1;108;Inner;1;4;2;18;U stod inte med på parlappen i hyllan
Farallon-4-2018-2;1;2018-05-14;2018-06-15;2018-07-05;;;1;181;Inner/middle;1;1;1;20;
Bonden-4-2018-4;1;2018-05-15;2018-06-17;2018-07-11;;;1;101;Middle;1;1;1;24;
Triangle-1-2018-1;1;2018-05-15;;;2018-06-08;;0;200;Inner;1;NA;NA;NA;Ä1 förlorat 8/6.
Bonden-5-2018-1;1;2018-05-15;2018-06-18;2018-07-06;;;1;136;Middle;1;2;1;18;
Triangle-1-2018-2;1;2018-05-15;2018-06-16;2018-07-05;;;1;248;Middle;1;1;1;19;
Rost-5-2018-2;1;2018-05-16;2018-06-15;2018-07-07;;;1;160;Middle;1;1;1;22;
Triangle-2-2018-3;1;2018-05-16;2018-06-17;2018-07-04;;;1;251;NA;1;3;1;17;
Triangle-2-2018-2;1;2018-05-16;2018-06-18;2018-07-06;;;1;115 -> 150;NA;1;1;1;18;
Farallon-1-2018-5;1;2018-05-16;2018-06-18;2018-07-10;;;1;102;Inner;1;1;1;22;
Bonden-6-2018-1;1;2018-05-17;2018-06-20;2018-07-10;;;1;162;Inner;1;1;1;20;
Rost-2-2018-5;1;2018-05-17;;;2018-06-30;;0;100;NA;1;NA;NA;NA;Ä1 förlorat 30/6. Saknade parlapp på hyllan.
Triangle-2-2018-4;1;2018-05-17;2018-06-20;2018-07-05;;;1;177;Inner;1;1;1;15;
Bonden-5-2018-2;1;2018-05-18;2018-06-23;2018-07-11;;;1;124;Middle;1;1;1;18;U stod inte med på parlappen i hyllan
Rost-5-2018-3;1;2018-05-18;;;2018-06-03;Human disturbance;0;130;Middle;1;NA;NA;NA;Ä1 förlorat 3/6, troligen pga äggfotostudio. EJ MED I BERÄKNINGARNA.
Triangle-2-2018-5;1;2018-05-19;;;2018-06-18;;0;198;Inner/middle;1;NA;NA;NA;Ä1 förlorat 18/6
Triangle-1-2018-3;1;2018-05-19;2018-06-23;2018-07-11;;;1;179;Inner;1;1;1;18;
Rost-3-2018-5;1;2018-05-19;;;2018-06-03;;0;117;Inner;1;NA;NA;NA;Ä1 förlorat 3/6 2018.
Rost-3-2018-1;2;2018-05-22;;;;;1;NA;NA;1;1;1;16;
Triangle-3-2018-2;1;2018-05-23;;;;;1;184;Middle/outer;1;NA;NA;NA;Ä1 förlorat 27/5
Farallon-3-2018-6;1;2018-05-24;;;2018-06-27;;0;191;Inner;1;NA;NA;NA;Ä1 förlorat 27/6
Farallon-3-2018-7;1;2018-05-24;2018-06-25;2018-07-11;;;1;120;Middle;1;1;1;16;
Bonden-6-2018-2;1;2018-05-26;2018-06-28;2018-07-15;;;1;180;Inner;1;1;1;17;
Farallon-5-2018-1;1;2018-05-27;2018-07-02;2018-07-15;;;0;237;Middle;1;1;1;13;U för ung vid försvinnande för att kunna räknas som flygg. Med i beräkningarna.
Rost-6-2018-2;1;2018-05-27;;;2018-06-01;;0;170;Middle;1;NA;NA;NA;Ä1 förlorat 1/6.
Bonden-5-2018-3;1;2018-05-28;2018-07-03;2018-07-21;;;NA;100;Middle;1;2;3;16;Skakig närvaro av förälder på slutet, ungen är ofta ensam. Dessutom var häckningen inte klar den 16:e (även om obsar gjordes senare än så). Därmed EJ MED I BERÄKNINGARNA.
Rost-6-2018-3;1;2018-05-30;;;2018-06-13;;0;120;Middle;1;NA;NA;NA;Ä1 förlorat 13/6
Farallon-4-2018-3;1;2018-06-03;2018-07-07;2018-07-11;;;0;100;Inner/middle;1;2;NA;NA;U1 förlorad  11/7
Triangle-3-2018-3;1;2018-06-06;;;2018-07-06;;0;222;Outer;1;NA;NA;NA;Ä1 förlorat 6/7
Bonden-5-2018-4;1;2018-06-13;;;2018-07-11;;0;144;Middle;1;NA;NA;NA;
Triangle-1-2018-4;1;2018-06-18;;;2018-07-11;;0;218;Outer;1;NA;NA;NA;Ä1 förlorat 11/7
Rost-5-2018-3;2;2018-06-18;;;2018-07-08;;NA;NA;NA;1;NA;NA;NA;Ä2 förlorat 8/7. EJ MED I BERÄKNINGARNA.
Bonden-1-2019-1;1;2019-05-06;2019-06-08;2019-06-25;;;1;NA;NA;1;1;1;17;
Rost-5-2019-1;1;2019-05-06;2019-06-09;2019-06-29;;;1;170;Inner;1;1;1;20;Unge märkt: ADE000
Rost-3-2019-1;1;2019-05-10;2019-06-12;2019-07-07;;;1;100;Inner;1;1;1;25;Unge märkt: ADE017
Rost-2-2019-1;1;2019-05-11;2019-06-12;2019-07-04;;;1;116;Inner;1;1;1;22;Unge märkt: ADE020
Bonden-4-2019-1;1;2019-05-12;2019-06-16;2019-07-07;;;1;150;Inner;1;1;1;21;Unge märkt: ADE007
Rost-2-2019-2;1;2019-05-12;2019-06-13;2019-07-04;;;1;137;NA;1;1;1;21;Unge märkt: ADE022
Rost-3-2019-2;1;2019-05-12;2019-06-13;2019-07-07;;;1;159;Inner;1;1;2;24;Unge märkt: ADE018
Farallon-1-2019-1;1;2019-05-13;2019-06-15;2019-07-07;;;1;190;Inner;1;1;1;22;Unge märkt: ADE015
Farallon-1-2019-2;1;2019-05-13;2019-06-14;2019-07-06;;;1;250;NA;1;1;1;22;Unge märkt: ADE014
Farallon-1-2019-3;1;2019-05-13;2019-06-14;2019-07-08;;;1;158;Inner;1;1;1;24;Unge märkt: ADE013
Farallon-2-2019-1;1;2019-05-13;;;2019-06-07;;0;105;Inner;1;NA;NA;NA;Ä1 förlorat 7/6
Farallon-3-2019-1;1;2019-05-13;2019-06-13;2019-07-06;;;1;105;Inner;1;1;1;23;Unge märkt: ADE032
Farallon-3-2019-2;1;2019-05-13;2019-06-16;2019-07-06;;;1;247;Inner;1;1;1;20;Unge märkt: ADE035
Farallon-4-2019-1;1;2019-05-13;2019-06-14;2019-07-07;;;1;108;Outer;1;1;1;23;Unge märkt: ADE010
Bonden-3-2019-1;1;2019-05-13;2019-06-15;2019-07-06;;;1;NA;NA;1;1;1;21;Unge märkt: ADE037
Bonden-4-2019-2;1;2019-05-13;2019-06-15;2019-07-06;;;1;132;Inner;1;1;1;21;Unge märkt: ADE008
Rost-2-2019-3;1;2019-05-13;2019-06-15;2019-07-06;;;1;168;Inner;1;1;1;21;Unge märkt: ADE021
Rost-3-2019-3;1;2019-05-13;2019-06-15;2019-07-14;;;1;143;Inner;1;1;1;29;Unge märkt: ADE019
Rost-5-2019-2;1;2019-05-13;2019-06-15;2019-07-07;;;1;148;Inner;1;1;1;22;Unge märkt: ADE002
Triangle-2-2019-1;1;2019-05-14;2019-06-17;2019-07-09;;;1;162;Inner;1;1;1;22;Unge märkt: ADE029
Farallon-3-2019-3;1;2019-05-14;;;2019-06-01;;0;203;Inner;1;NA;NA;NA;EJ MED I BERÄKNINGARNA pga störning. Ä1 förlorat 1/6
Bonden-6-2019-1;1;2019-05-14;2019-06-17;2019-07-10;;;1;170;Inner;1;1;1;23;Unge märkt: ADE003
Rost-2-2019-4;1;2019-05-14;2019-06-16;2019-07-07;;;1;103;Inner;1;1;1;21;Unge märkt: ADE023
Triangle-2-2019-2;1;2019-05-15;2019-06-16;2019-07-06;;;1;250;Inner;1;1;1;20;Unge märkt: ADE027
Farallon-1-2019-4;1;2019-05-15;2019-06-17;2019-07-07;;;1;108;Inner;1;1;1;20;Unge märkt: ADE012
Farallon-3-2019-5;1;2019-05-15;2019-06-17;2019-07-07;;;1;121;Inner;1;1;1;20;Unge märkt: ADE033
Farallon-3-2019-6;1;2019-05-15;2019-06-16;2019-07-06;;;1;136;Inner;1;1;1;20;Unge märkt: ADE034
Farallon-3-2019-4;1;2019-05-15;2019-06-18;2019-07-07;;;1;2018;Inner;1;1;1;19;Unge märkt: ADE036
Bonden-2-2019-1;1;2019-05-15;2019-06-16;2019-07-12;;;1;NA;NA;1;1;1;26;Unge märkt: ADE024
Bonden-4-2019-3;1;2019-05-15;2019-06-18;2019-07-09;;;1;108;Inner;1;1;1;21;Unge märkt: ADE009
Bonden-4-2019-4;1;2019-05-15;;;;;1;177;Inner;1;NA;NA;NA;Ä1 förlorat 24/5
Bonden-5-2019-1;1;2019-05-15;2019-06-18;2019-07-07;;;1;135;Inner;1;1;1;19;Unge märkt: ADE004
Rost-2-2019-5;1;2019-05-15;;;2019-07-06;;0;195;Inner;1;NA;NA;NA;Ä1 förlorat 6/7
Triangle-1-2019-1;1;2019-05-16;;;2019-07-08;;0;248;Outer;1;NA;NA;NA;Ä1 förlorat 8/7
Farallon-1-2019-5;1;2019-05-16;2019-06-17;2019-07-07;;;1;214;Inner;1;1;1;20;Unge märkt: ADE016
Farallon-3-2019-7;1;2019-05-16;;;2019-06-06;Heat;0;192;Inner;1;NA;NA;NA;Ä1 förlorat 6/6, info från filmat material: verkade bli extremt varm när solen låg på 5 juni och de flyttade runt sitt ägg över hela hyllan (flämtande), och lämnade till slut ägget borta i vänstra hörnet. 22:32:46 samma kväll kom en gråtrut och åt upp det
Triangle-2-2019-3;1;2019-05-17;2019-06-20;2019-07-11;;;1;216;Outer;1;1;1;21;Unge märkt: ADE031
Triangle-2-2019-4;1;2019-05-17;2019-06-21;2019-07-11;;;1;142;Inner;1;1;1;20;Unge märkt: ADE030
Farallon-5-2019-1;1;2019-05-17;2019-06-20;2019-07-09;;;1;236;Inner;1;1;1;22;
Bonden-5-2019-2;1;2019-05-17;2019-06-20;2019-07-11;;;1;117;Inner;1;1;1;21;Unge märkt: ADE005
Triangle-1-2019-2;1;2019-05-18;2019-06-20;2019-07-11;;;1;178;Inner;1;2;1;21;Unge märkt: ADE025
Triangle-3-2019-1;1;2019-05-18;;;2019-06-01;;0;226;Outer;1;NA;NA;NA;Ä1 förlorat 1/6.
Farallon-4-2019-2;1;2019-05-18;2019-06-20;2019-07-10;;;1;102;Inner;1;1;1;20;Unge märkt: ADE011
Bonden-5-2019-3;1;2019-05-18;2019-06-20;2019-07-12;;;1;102;Outer;1;1;1;22;Unge märkt: ADE006
Rost-4-2019-1;1;2019-05-18;;;2019-05-25;;0;125;Inner;1;NA;NA;NA;Ä1 förlorat 25/5
Triangle-1-2019-3;1;2019-05-19;2019-06-20;2019-07-11;;;1;167;Outer;1;1;1;21;Position även 145. Unge märkt: ADE026
Triangle-2-2019-5;1;2019-05-19;2019-06-22;2019-07-11;;;1;172;Inner;1;1;1;19;Unge märkt: ADE028
Rost-5-2019-3;1;2019-05-19;2019-06-20;2019-07-11;;;1;125;Inner;1;1;1;21;Unge märkt: ADE001
Farallon-4-2019-3;1;2019-05-20;2019-06-22;2019-07-11;;;1;187;Inner;1;1;1;19;
Farallon-5-2019-2;1;2019-05-20;2019-06-23;2019-07-12;;;1;213;Inner;1;1;1;19;
Rost-3-2019-4;1;2019-05-20;2019-06-22;2019-07-12;;;1;110;Inner;1;1;1;20;
Triangle-2-2019-6;1;2019-05-22;;;2019-06-16;;0;126;Inner;1;NA;NA;NA;Ä1 förlorat 16/6
Triangle-1-2019-4;1;2019-05-23;2019-06-26;2019-07-11;;;1;205;Inner;1;3;1;15;
Rost-6-2019-1;1;2019-05-23;2019-06-25;2019-07-15;;;1;103;Inner;1;2;1;20;Unge märkt: ADE023
Triangle-4-2019-1;1;2019-05-24;2019-06-29;2019-07-17;;;1;250;Inner;1;2;1;18;
Bonden-5-2019-4;1;2019-05-24;2019-06-27;2019-07-06;;;1;180;Middle;1;1;1;21;
Farallon-4-2019-4;1;2019-05-25;;;2019-06-07;;0;197;NA;1;NA;NA;NA;Ä1 förlorat 7/6
Rost-3-2019-5;1;2019-05-25;2019-06-26;2019-07-13;;;1;165;Inner;1;2;1;17;
Farallon-4-2019-5;1;2019-05-26;;;2019-06-06;;0;192;NA;1;NA;NA;NA;Ä1 förlorat 6/6
Bonden-5-2019-5;1;2019-05-26;2019-06-28;2019-07-14;;;1;155;Inner;1;1;1;16;
Bonden-6-2019-2;1;2019-05-27;2019-06-29;2019-07-17;;;1;180;Inner;1;1;1;18;
Farallon-4-2019-6;1;2019-05-29;;;2019-05-31;;0;210;Inner;1;NA;NA;NA;Ä1 förlorat 31/5
Farallon-6-2019-1;1;2019-05-29;2019-07-02;2019-07-29;;;1;249;Inner;1;1;10;17;
Triangle-5-2019-1;1;2019-05-31;;;2019-06-01;;0;200;Inner;1;NA;NA;NA;Ä1 förlorat 1/6.
Triangle-5-2019-2;1;2019-06-02;2019-07-05;2019-07-12;;;0;160;Middle;1;1;NA;NA;U borta 12/7, ej flygg
Farallon-2-2019-2;1;2019-06-04;;;2019-06-12;;0;136;Inner;1;NA;NA;NA;Ä1 förlorat 12/6
Bonden-4-2019-4;2;2019-06-08;2019-07-13;2019-07-29;;;1;NA;NA;1;2;1;16;
Triangle-3-2019-1;2;2019-06-13;;;2019-07-09;;0;NA;NA;1;NA;NA;NA;Ä2 förlorat 9/7
Farallon-3-2019-3;2;2019-06-13;;;2019-07-07;Human disturbance;0;NA;NA;1;NA;NA;NA;EJ MED I BERÄKNINGARNA pga störning. Ä2 förlorat 7/7, info från kamera: skrämdes bort av N.N. forskare 11:13. Ägget togs av gråtrut 11:23
Bonden-1-2020-1;1;2020-05-13;2020-06-14;2020-07-09;;;1;249;Inner;1;1;1;25;
Rost-5-2020-1;1;2020-05-14;;;;;1;170;Inner;1;NA;NA;NA;Ä1 förlorat 15/5 2020 Enligt anteckningar har paret tidvis haft 3 ad, ADB984 + ACF924, men även ACD237 som egentligen hör till par Röst-5-2020-2
Rost-2-2020-1;1;2020-05-16;2020-06-18;2020-07-11;;;1;118;Inner;1;1;1;23;
Rost-3-2020-1;1;2020-05-16;2020-06-19;2020-07-10;;;1;136;Inner;1;1;1;21;
Rost-3-2020-2;1;2020-05-16;;;2020-06-08;;0;100;Inner;1;NA;NA;NA;Ä1 förlorat 8/6 2020
Rost-2-2020-2;1;2020-05-17;2020-06-25;2020-07-11;;;1;155 ->  134;Inner;1;1;1;17;U trillade ner vid ringmärkning 7/7, tillbaka på kvällen 8/7
Bonden-2-2020-1;1;2020-05-18;2020-06-20;2020-07-10;;;1;249;Inner;1;1;1;20;
Bonden-4-2020-1;1;2020-05-18;2020-06-20;2020-07-10;;;1;120;Outer;1;1;1;20;
Bonden-5-2020-1;1;2020-05-18;2020-06-21;2020-07-10;;;1;117;Inner;1;1;1;19;
Bonden-5-2020-2;1;2020-05-18;2020-06-20;2020-07-11;;;1;100;Inner;1;1;1;21;
Bonden-6-2020-1;1;2020-05-18;2020-06-22;2020-07-13;;;1;169;Inner;1;1;1;21;
Farallon-1-2020-1;1;2020-05-18;2020-06-19;2020-07-09;;;1;240;Inner;1;1;1;20;
Farallon-1-2020-2;1;2020-05-18;2020-06-21;2020-07-13;;;1;100;Inner;1;1;1;22;
Farallon-3-2020-1;1;2020-05-18;2020-06-20;2020-07-11;;;1;249 -> 170;Inner;1;1;1;21;
Triangle-2-2020-1;1;2020-05-18;;;;;1;NA;NA;1;NA;NA;NA;Ä1 förlorat 19/5 2020
Bonden-4-2020-2;1;2020-05-19;;;2020-06-08;;NA;177;Inner;1;NA;NA;NA;EJ MED I BERÄKNINGARNA. Ä1 förlorat 8/6 2020.
Bonden-6-2020-2;1;2020-05-19;2020-06-21;2020-07-10;;;1;180;Inner;1;1;1;19;
Farallon-3-2020-2;1;2020-05-19;2020-06-20;2020-07-10;;;1;100;Inner;1;1;1;20;
Farallon-5-2020-1;1;2020-05-19;;;2020-06-05;;0;228;Inner;1;NA;NA;NA;Ä1 förlorat 5/6 2020
Farallon-5-2020-2;1;2020-05-19;;;2020-06-01;;0;238;Inner;1;NA;NA;NA;Ä1 förlorat 1/6 2020
Rost-3-2020-3;1;2020-05-19;2020-06-18;2020-07-08;;;1;138;Inner;1;1;1;20;
Rost-3-2020-4;1;2020-05-19;2020-06-22;2020-07-11;;;1;166;Inner;1;1;1;19;
Triangle-1-2020-1;1;2020-05-19;;;2020-05-20;;NA;231 -> 247;Outer;1;NA;NA;NA;EJ MED I BERÄKNINGARNA. Ä1 förlorat 20/5 2020. U fortf ej flygg samt för ung vid studieslut 20/7.
Triangle-3-2020-1;1;2020-05-19;2020-06-21;2020-07-10;;;1;251;Inner;1;1;1;19;
Bonden-3-2020-1;1;2020-05-20;2020-06-22;2020-07-11;;;1;100;Inner;1;1;1;19;
Bonden-5-2020-3;1;2020-05-20;2020-06-22;2020-07-13;;;1;154 -> 142;Inner;1;1;1;21;
Farallon-1-2020-3;1;2020-05-20;2020-06-20;2020-07-11;;;1;208;Inner;1;1;1;21;
Farallon-4-2020-1;1;2020-05-20;2020-06-22;2020-07-14;;;1;178;Inner;1;1;1;22;
Rost-2-2020-3;1;2020-05-20;2020-06-23;2020-07-13;;;1;100;Inner;1;1;1;20;
Rost-3-2020-5;1;2020-05-20;2020-06-22;2020-07-13;;;1;122;Inner;1;1;1;21;
Triangle-1-2020-2;1;2020-05-20;;;2020-05-27;;0;188 -> 202;Outer;1;NA;NA;NA;Ä1 förlorat 27/5.
Triangle-2-2020-2;1;2020-05-20;2020-06-22;2020-07-15;;;1;145;Inner;1;1;1;24;
Triangle-4-2020-1;1;2020-05-20;;;2020-05-23;;0;251;Outer;1;NA;NA;NA;Ä1 förlorat 23/5 2020
Bonden-4-2020-3;1;2020-05-21;2020-06-24;2020-07-14;;;1;100;Inner;1;1;1;20;
Triangle-2-2020-3;1;2020-05-21;2020-06-24;2020-07-11;;;1;168- > 160;Inner;1;1;1;16;
Farallon-2-2020-1;1;2020-05-22;2020-06-24;2020-07-13;;;1;104;Inner;1;1;1;19;
Farallon-3-2020-3;1;2020-05-22;2020-06-23;2020-07-11;;;1;108;Inner;1;1;1;18;
Rost-2-2020-4;1;2020-05-23;;;2020-06-24;;0;170;NA;1;NA;NA;NA;Ä1 förlorat 24/6 2020
Farallon-3-2020-4;1;2020-05-24;2020-06-26;2020-06-28;;;0;223 -> 200;Inner;1;1;NA;NA;U förlorad 28/6 2020
Farallon-3-2020-5;1;2020-05-24;2020-06-26;2020-07-14;;;1;133;Inner;1;1;1;18;
Rost-5-2020-2;1;2020-05-24;2020-06-25;2020-07-15;;;1;135;Outer;1;1;1;20;
Farallon-6-2020-1;1;2020-05-25;2020-06-28;2020-07-17;;;1;249;Outer;1;1;1;19;
Rost-2-2020-5;1;2020-05-25;2020-06-20;2020-07-07;;Human disturbance;NA;152;Inner;1;1;NA;NA;EJ MED I BERÄKNINGARNA. U lämnade hyllan vid ringmärkning  av ungar 7/7 2020.
Rost-6-2020-1;1;2020-05-25;2020-06-27;2020-07-16;;;1;100;Inner;1;1;1;19;
Triangle-5-2020-1;1;2020-05-25;2020-06-27;2020-06-28;;;0;242;Inner;1;1;NA;NA;U förlorad 28/6 2020
Bonden-5-2020-4;1;2020-05-26;;;2020-07-08;Human disturbance;NA;132;Inner;1;NA;NA;NA;EJ MED I BERÄKNINGARNA Ä1 förlorat 8/7 2020 vid ringmärkning i hyllan, såg ev dåligt ut redan innan.
Bonden-6-2020-3;1;2020-05-27;2020-06-30;2020-07-14;;;0;102;Inner;1;1;1;14;
Farallon-2-2020-2;1;2020-05-27;2020-06-28;2020-07-16;;;1;245;Inner;1;1;1;18;
Farallon-4-2020-2;1;2020-05-27;;;2020-06-27;;0;197;Outer;1;NA;NA;NA;Ä/U förlorat vid kläckning 27/6, skal av men hinna kvar
Triangle-2-2020-4;1;2020-05-27;2020-06-28;2020-07-15;;;1;251;Inner;1;1;1;17;
Triangle-2-2020-5;1;2020-05-27;;;2020-05-29;;0;117;Inner;1;NA;NA;NA;Ä1 förlorat 29/5
Rost-5-2020-1;2;2020-05-28;2020-06-30;2020-07-17;;;1;170;Inner;1;NA;NA;17;Ä1 förlorat 15/5 2020. Enligt anteckningar har paret tidvis haft 3 ad, ADB984 + ACF924, men även ACD237 som egentligen hör till par Röst-5-2020-2
Bonden-4-2020-4;1;2020-05-29;;;2020-07-17;;0;148;Inner;1;NA;NA;NA;Ä1 förlorat 17/7 2020
Farallon-1-2020-4;1;2020-05-29;2020-06-29;2020-07-17;;;1;153;Inner;1;1;1;18;
Farallon-3-2020-6;1;2020-05-29;;;2020-06-26;;0;178;Inner;1;NA;NA;NA;Ä1 förlorat 26/6 2020
Farallon-4-2020-3;1;2020-05-29;2020-07-03;2020-07-20;;;1;100;Outer;1;1;1;17;
Triangle-1-2020-3;1;2020-05-29;;;2020-06-28;;0;161;Inner;1;NA;NA;NA;Ä1 förlorat 28/6 2020
Farallon-5-2020-3;1;2020-06-01;;;2020-06-28;;0;178;Inner;1;NA;NA;NA;Ä1 förlorat 28/6 2020
Triangle-3-2020-2;1;2020-06-02;;;2020-06-27;;0;184;Inner;1;NA;NA;NA;Ä1 förlorat 27/6 2020
Triangle-2-2020-1;2;2020-06-02;2020-07-04;2020-07-20;;;1;NA;NA;1;NA;NA;16;
Rost-3-2020-6;1;2020-06-03;;;2020-07-14;;0;182;Outer;1;NA;NA;NA;Ä1 förlorat 14/7 2020
Rost-6-2020-2;1;2020-06-04;;;2020-06-21;;0;123;Inner;1;NA;NA;NA;Ä1 förlorat 21/6 2020
Triangle-1-2020-1;2;2020-06-05;2020-07-07;;;;NA;231 -> 247;Outer;1;NA;NA;NA;EJ MED I BERÄKNINGARNA. U fortf ej flygg samt för ung vid studieslut 20/7.
Triangle-1-2020-2;2;2020-06-05;;;2020-07-16;;0;188 -> 202;Outer;1;NA;NA;NA;Ä1 förlorat 27/5. Ä2 förlorat16/7 2020, i samband med kläckning.
Triangle-4-2020-1;2;2020-06-05;;;2020-06-06;;0;251;Outer;1;NA;NA;NA;Ä2 förlorat 6/6 2020
Farallon-4-2020-4;1;2020-06-06;;;2020-06-20;;0;NA;NA;1;NA;NA;NA;Ä1 förlorat 20/6 2020
Bonden-6-2020-4;1;2020-06-08;;;2020-07-08;Human disturbance;NA;147 -> 120;Inner;1;NA;NA;NA;EJ MED I BERÄKNINGARNA. Ä1 förlorat 8/7 2020 vid ringmärkning i hyllan.  
Rost-5-2020-4;1;2020-06-08;2020-07-11;2020-07-17;;;0;144;Inner;1;1;NA;NA;U förlorad 17/7 2020
Triangle-2-2020-6;1;2020-06-09;2020-07-13;2020-07-16;;;0;111(?);Inner;1;1;NA;NA;U förlorad 16/7 2020. Kladdigt skriven lapp ang position
Triangle-1-2020-4;1;2020-06-10;2020-07-08;;;;NA;173;Inner;8;1;NA;NA;EJ MED I BERÄKNINGARNA. U fortf ej flygg samt för ung vid studieslut 20/7 2020.
Triangle-3-2020-3;1;2020-06-10;;;2020-06-28;;0;225;Inner;1;NA;NA;NA;Ä1 förlorat 28/6 2020
Triangle-1-2020-5;1;2020-06-14;;;2020-06-16;;0;138;Inner;1;NA;NA;NA;Ä1 förlorat 16/6 2020
Triangle-2-2020-5;2;2020-06-14;;;2020-06-16;;0;117;Inner;1;NA;NA;NA;Ä2 förlorat 16/6 2020
Farallon-3-2020-7;1;2020-06-16;;;2020-06-28;;0;189;Inner;1;NA;NA;NA;Ä1 förlorat 28/6 2020
Bonden-4-2020-2;2;2020-07-01;;;2020-07-17;Human disturbance;NA;177;Inner;1;NA;NA;NA;EJ MED I BERÄKNINGARNA. Ä2 förlorat 17/7 vid ringmärkning av adulta SIGRI.
Bonden-1-2021-1;1;2021-05-07;2021-06-09;2021-07-02;;;1;NA;Inner;1;1;1;23;
Rost-2-2021-1;1;2021-05-10;2021-06-12;;;;;113;Inner;1;1;NA;NA;U förlorad 29 juni
Rost-5-2021-1;1;2021-05-12;;;2021-07-03;No parents present;0;165;Middle;1;NA;NA;NA;Ä1 förlorat 3/7 (utan föräldrar)
Rost-3-2021-1;1;2021-05-13;2021-06-15;2021-07-04;;;1;90;Inner;1;1;1;19;
Rost-3-2021-2;1;2021-05-13;2021-06-15;2021-07-04;;;1;133;Inner;1;1;1;19;
Farallon-3-2021-1;1;2021-05-14;2021-06-15;2021-07-06;;;1;104;Inner;1;1;1;21;
Bonden-5-2021-1;1;2021-05-15;2021-06-17;2021-07-07;;;1;100;Inner;1;1;1;20;
Farallon-1-2021-1;1;2021-05-15;2021-06-17;2021-07-10;;;1;165;Inner;1;1;1;23;
Farallon-3-2021-6;1;2021-05-15;2021-06-21;2021-07-11;;;1;246;Inner;1;1;1;20;
Rost-2-2021-2;1;2021-05-15;2021-06-17;2021-07-06;;;1;155;Inner;1;1;1;19;
Bonden-4-2021-2;1;2021-05-16;2021-06-21;2021-07-09;;;1;104;Middle;1;1;1;18;
Bonden-5-2021-2;1;2021-05-16;2021-06-18;2021-07-05;;;;NA;Inner;1;1;1;NA;
Bonden-6-2021-1;1;2021-05-16;2021-06-18;2021-07-06;;;1;180;Inner;1;1;1;18;
Farallon-1-2021-3;1;2021-05-16;2021-06-19;2021-07-05;;;1;243;Inner;1;1;1;16;
Farallon-2-2021-1;1;2021-05-16;2021-06-17;2021-07-06;;;1;NA;Inner;1;1;1;19;
Farallon-3-2021-2;1;2021-05-16;2021-06-18;2021-07-07;;;1;133;Inner;1;1;1;19;
Rost-3-2021-3;1;2021-05-16;2021-06-17;2021-07-04;;;1;141;Inner;1;1;1;17;
Triangle-2-2021-1;1;2021-05-16;2021-06-18;2021-07-03;;;1;250;Inner;1;1;1;15;
Triangle-2-2021-2;1;2021-05-16;2021-06-20;2021-07-09;;;1;189;Outer;1;1;1;19;
Triangle-3-2021-1;1;2021-05-16;2021-06-18;2021-07-06;;;1;250;Inner;1;1;1;18;
Bonden-4-2021-1;1;2021-05-17;2021-06-18;2021-07-10;;;1;145;Inner;1;1;1;22;
Farallon-1-2021-2;1;2021-05-17;2021-06-19;2021-07-12;;;1;105;Inner;1;1;1;23;
Rost-2-2021-3;1;2021-05-17;;;2021-05-30;;;177;Inner;1;NA;NA;NA;Ä1 förlorat 30/5
Rost-2-2021-4;1;2021-05-17;2021-06-20;2021-07-04;;;;100;Inner;1;1;1;14;
Bonden-2-2021-1;1;2021-05-18;2021-06-19;2021-07-09;;;1;NA;Inner;1;1;1;20;
Farallon-3-2021-3;1;2021-05-18;2021-06-19;2021-07-07;;;1;119;NA;1;1;1;18;
Farallon-3-2021-4;1;2021-05-18;2021-06-21;2021-07-09;;;1;215 -> 230;Inner;1;1;1;18;
Farallon-4-2021-1;1;2021-05-18;2021-06-20;2021-07-12;;;1;102;Inner;1;1;1;22;
Rost-3-2021-4;1;2021-05-18;2021-06-19;2021-07-12;;;1;117;Inner;1;1;1;23;
Rost-5-2021-2;1;2021-05-18;2021-06-19;2021-07-06;;;1;151;Middle;1;1;1;17;
Triangle-2-2021-3;1;2021-05-18;2021-06-20;2021-07-11;;;1;163;Inner;1;1;1;21;
Bonden-3-2021-1;1;2021-05-19;2021-06-19;2021-07-07;;;1;NA;Inner;1;1;1;17;
Farallon-1-2021-4;1;2021-05-19;2021-06-21;2021-07-12;;;1;133;Inner;1;1;1;21;
Farallon-1-2021-5;1;2021-05-19;2021-06-20;2021-07-09;;;1;215;Inner;1;1;1;19;
Farallon-2-2021-2;1;2021-05-19;2021-06-20;2021-07-12;;;1;246;Middle;1;1;1;22;
Farallon-2-2021-3;1;2021-05-19;2021-06-22;2021-07-12;;;1;171;NA;1;1;1;20;
Farallon-4-2021-2;1;2021-05-19;2021-06-20;2021-07-13;;;1;104;Middle;1;1;1;23;
Farallon-5-2021-1;1;2021-05-19;2021-06-22;2021-07-12;;;1;246;NA;1;1;1;20;
Rost-3-2021-5;1;2021-05-19;2021-06-21;2021-07-06;;;1;167;NA;1;1;1;15;
Triangle-1-2021-1;1;2021-05-19;2021-06-21;2021-07-10;;;1;197;Outer;1;1;1;19;
Triangle-2-2021-4;1;2021-05-19;2021-06-21;2021-07-09;;;1;146;Inner;1;1;1;18;
Bonden-4-2021-3;1;2021-05-20;;;2021-07-03;Disturbed during chick ringing;;180;Inner;1;NA;NA;NA;EJ MED I BERÄKNINGARNA Ä1 förlorat 3/7 pga ungmärkning
Bonden-5-2021-3;1;2021-05-20;2021-06-23;;;;;115;Inner;1;1;NA;NA;U förlorad 27/6
Farallon-3-2021-5;1;2021-05-20;;;2021-06-14;;;177;Inner;1;NA;NA;NA;Ä1 förlorat 14/6
Farallon-4-2021-3;1;2021-05-20;;;2021-06-01;;;199;Outer;1;NA;NA;NA;Ä1 förlorat 1 juni 2021
Farallon-4-2021-4;1;2021-05-20;2021-06-23;2021-07-13;;;1;143 -> 121;Inner;1;1;1;20;
Farallon-6-2021-1;1;2021-05-20;2021-06-22;2021-07-12;;;1;246;Outer;1;1;1;20;
Rost-2-2021-5;1;2021-05-20;2021-06-22;2021-07-04;;;0;140 -> 134;Inner;1;1;1;12;
Röst-4-2021-1;1;2021-05-20;2021-06-22;2021-07-12;;;1;120 -> 103;Inner;1;1;1;20;
Triangle-2-2021-5;1;2021-05-20;2021-06-21;2021-07-10;;;1;110;Outer;1;1;1;19;
Bonden-5-2021-4;1;2021-05-21;2021-06-21;2021-07-11;;;1;180;Inner;1;1;1;20;
Bonden-6-2021-2;1;2021-05-21;2021-06-23;2021-07-14;;;1;138;Inner;1;1;1;21;
Farallon-4-2021-5;1;2021-05-21;;;2021-06-17;;;225;Middle;1;NA;NA;NA;Ä1 förlorat 17/6
Rost-5-2021-3;1;2021-05-21;;;2021-05-24;;0;135 -> 121;Inner;1;NA;NA;NA;Ä1 förlorat 24 maj 2021. Ä2 förlorat 6 juli
Triangle-1-2021-2;1;2021-05-21;2021-06-21;2021-07-12;;;1;251;Outer;1;1;1;21;
Triangle-1-2021-3;1;2021-05-21;2021-06-22;2021-07-15;;;1;176;Outer;1;1;1;23;
Bonden-4-2021-4;1;2021-05-22;2021-06-23;2021-07-10;;;1;130;Inner;1;1;1;17;
Bonden-6-2021-3;1;2021-05-22;2021-06-24;2021-07-15;;;1;104;Middle;1;1;1;21;
Bonden-6-2021-4;1;2021-05-22;;;2021-05-28;NA;0;146;Outer;1;NA;NA;NA;Ä1 förlorat 28/5, Ä2 förlorat 26/6
Farallon-2-2021-4;1;2021-05-22;2021-06-25;2021-07-13;;;1;223 -> 235;Inner;1;1;1;18;
Farallon-5-2021-2;1;2021-05-22;2021-06-24;2021-07-13;;;1;142;Inner;1;1;1;19;
Rost-6-2021-1;1;2021-05-22;2021-06-25;2021-07-15;;;1;102;Inner;1;2;1;20;
Triangle-1-2021-4;1;2021-05-22;;;2021-07-08;No parents since july 5;0;120;Middle;1;NA;NA;NA;Ä1 förlorat 8 juli 2021 (utan föräldrar sedan 5 juli)
Triangle-3-2021-2;1;2021-05-22;2021-06-25;2021-07-12;;;1;222;Outer;1;1;1;17;
Triangle-1-2021-6;1;2021-05-25;2021-06-26;2021-07-15;;;1;188;Inner;1;1;1;19;
Triangle-5-2021-1;1;2021-05-25;2021-06-26;2021-07-14;;;1;244;Middle;1;2;1;18;
Farallon-5-2021-3;1;2021-05-26;2021-06-29;;;;;225;Inner;1;1;NA;NA;
Farallon-6-2021-2;1;2021-05-26;2021-06-27;2021-07-14;;;1;220;Inner;1;1;1;17;
Farallon-6-2021-3;1;2021-05-26;2021-06-29;2021-07-15;;;1;201 -> 218;Inner;1;1;1;16;
Rost-6-2021-2;1;2021-05-26;2021-06-29;2021-07-15;;;1;117;Inner;1;1;1;16;
Farallon-6-2021-4;1;2021-05-27;;;2021-06-07;;;146;Outer;1;NA;NA;NA;Ä1 förlorat 7/6
Rost-8A-2021-1;1;2021-05-28;;;;;;NA;NA;1;NA;NA;NA;EJ MED I BERÄKN, fortf på Ä vid studieslut 31 juli (loggerfågel)
Triangle-3-2021-3;1;2021-05-29;;;2021-06-09;;;184;Inner;1;NA;NA;NA;Ä1 förlorat 9/6
Triangle-3-2021-4;1;2021-05-29;;;2021-06-19;;;106;Inner;1;NA;NA;NA;Ä1 förlorat 19/6
Bonden-6-2021-5;1;2021-05-30;2021-07-02;;;;;167;NA;1;1;NA;NA;EJ MED I BERÄKN. U EJ FLYGG VID STUDIESLUT
Triangle-2-2021-6;1;2021-05-30;2021-07-01;;;;;172;NA;1;1;NA;NA;EJ MED I BERÄKN. U ej flygg vid studieslut
Triangle-5-2021-2;1;2021-05-30;;;2021-06-07;;;155;Inner;1;NA;NA;NA;Ä1 förlorat 7 juni 2021
Rost-6-2021-3;1;2021-06-02;;;2021-07-06;;0;157;Inner;1;NA;NA;NA;Ä1 förlorat 6/7
Farallon-3-2021-7;1;2021-06-06;;;2021-06-12;;0;197;Inner;1;NA;NA;NA;Ä1 förlorat 12 juni 2021
Rost-5-2021-3;2;2021-06-11;;;2021-07-06;;;135;Inner;1;NA;NA;NA;
Triangle-1-2021-7;1;2021-06-14;;;2021-07-15;;;NA;Inner;1;NA;NA;NA;Ä1 förlorat 15 juli 2021
Bonden-6-2021-4;2;2021-06-14;;;2021-06-26;;;146;Outer;1;NA;NA;NA;
Triangle-5-2021-3;1;2021-06-17;;;2021-07-14;;;NA;NA;1;NA;NA;NA;Ä1 förlorat 14 juli 2021
Farallon-5-2021-4;1;2021-06-22;;;2021-07-13;;;179;Inner;1;NA;NA;NA;Ä1 förlorat 13 juli
